<?xml version="1.0" encoding="UTF-8"?>
<!--DOCTYPE hibernate-configuration PUBLIC "-//Hibernate/Hibernate Configuration 
DTD 3.0//EN http://www.hibernate.org/dtd/hibernate-configuration-3.0.dtd"-->
<!-- Version 8 MySQL hiberante-cfg.xml example for Hibernate 5 -->
<hibernate-configuration>
  <session-factory>
    <property name="connection.driver_class">com.mysql.cj.jdbc.Driver</property>
    <!-- property name="connection.driver_class">com.mysql.jdbc.Driver</property -->
    <property name="connection.url">jdbc:mysql://localhost:3306/FoodDelivery</property>
    <property name="dialect">org.hibernate.dialect.MySQL8Dialect</property>
    <property name="connection.username">root</property>
    <property name="connection.password">security</property>
   
    <!--property name="dialect">org.hibernate.dialect.MySQLDialect</property-->

    <property name="show_sql">false</property>
    <property name="format_sql">true</property>
    <property name="hbm2ddl.auto">update</property>

        <mapping class="com.food.entity.Admin"/>
        <mapping class="com.food.entity.Categories"/>
        <mapping class="com.food.entity.Customer"/>
        <mapping class="com.food.entity.Delivery_Boy"/>
        <mapping class="com.food.entity.Food"/>
        <mapping class="com.food.entity.Orders"/>
        <mapping class="com.food.entity.Payment"/>
    </session-factory>
</hibernate-configuration>
